COD EQ INC,DM,UT,MTBF,MTTR,R_t,PARADAS,HRS_TRAB,INTERV
SC-T-21,0.7577366255144032,0.5752674897119342,5.744855967078189,1.8200960219478737,0.3033383683848769,89.0,1397.9,287.0
DP-T-07,0.8000892857142857,0.5467589285714286,5.467589285714287,1.3875,0.3087559595546034,24.0,612.3700000000001,121.0
DM-T-10,0.8182284382284382,0.3236013986013986,3.1854895104895102,1.2174825174825175,0.27262057856896627,107.0,925.5,372.0
LC-T-04,0.8254138321995464,0.3869727891156463,3.7443877551020415,0.9150793650793652,0.24577168742774247,124.0,1137.7,401.0
SC-T-28,0.8329601990049751,0.5258955223880588,5.215671641791035,1.0211442786069653,0.31499199149266904,40.0,704.6999999999989,153.0
DP-I-01,0.8369543378995434,0.5357534246575343,5.352739726027397,0.8903881278538813,0.31332027881361496,159.0,3911.0,828.0
JF-T-12,0.8455545343137254,0.32323529411764707,3.2068627450980394,0.771936274509804,0.2642433513739168,102.0,879.1999999999999,352.0
DP-T-06,0.8478551912568306,0.5541598360655741,5.526639344262295,0.8274590163934427,0.33355773501957486,123.0,2704.300000000001,576.0
